{"cameraMode":{"drawMode":0,"name":"Shaded","section":"Shading Mode"},"sceneLighting":true,"audioPlay":false,"sceneViewState":{"m_AlwaysRefresh":true,"showFog":true,"showSkybox":true,"showFlares":true,"showImageEffects":true,"showParticleSystems":true,"showVisualEffectGraphs":true,"m_FxEnabled":false},"in2DMode":false,"pivot":{"x":0.6454850435256958,"y":-0.07147020101547241,"z":-0.8700368404388428},"rotation":{"x":0.2505441904067993,"y":0.04355117678642273,"z":-0.011268438771367073,"w":0.9670765399932861},"size":4.839905738830566,"orthographic":false}